
--INSERT INTO BEHDAVAR.BST_PERSON (ID, CREATED_BY, CREATED_DATE, LAST_MODIFIED_BY, LAST_MODIFIED_DATE, VERSION, DESCRIPTION, EMAIL, FATHER_NAME, FIRST_NAME, FULL_NAME, LAST_NAME, NATIONAL_CODE, PHONE_NUMBER) VALUES (1, 'NO_AUTHENTICATED_USER', TO_TIMESTAMP('2020-11-09 00:03:00.817000', 'YYYY-MM-DD HH24:MI:SS.FF6'), null, null, 0, null, null, null, 'SUPERVISOR_USER', null, 'SUPERVISOR_USER', 'SUPERVISOR_USER', null);
INSERT INTO BEHDAVAR.BST_PERSON (ID, CREATED_BY, CREATED_DATE, LAST_MODIFIED_BY, LAST_MODIFIED_DATE, VERSION, DESCRIPTION, EMAIL, FATHER_NAME, FIRST_NAME, FULL_NAME, LAST_NAME, NATIONAL_CODE, PHONE_NUMBER) VALUES (2, 'SUPERVISOR_USER', TO_TIMESTAMP('2020-10-18 19:22:41.000000', 'YYYY-MM-DD HH24:MI:SS.FF6'), null, null, 0, null, null, null, 'امیر', null, 'یوسفی رامندی', null, null);
INSERT INTO BEHDAVAR.BST_PERSON (ID, CREATED_BY, CREATED_DATE, LAST_MODIFIED_BY, LAST_MODIFIED_DATE, VERSION, DESCRIPTION, EMAIL, FATHER_NAME, FIRST_NAME, FULL_NAME, LAST_NAME, NATIONAL_CODE, PHONE_NUMBER) VALUES (3, 'SUPERVISOR_USER', TO_TIMESTAMP('2020-10-18 19:22:41.000000', 'YYYY-MM-DD HH24:MI:SS.FF6'), null, null, 0, null, null, null, 'حجت الله ', null, 'درودیان', null, null);
INSERT INTO BEHDAVAR.BST_PERSON (ID, CREATED_BY, CREATED_DATE, LAST_MODIFIED_BY, LAST_MODIFIED_DATE, VERSION, DESCRIPTION, EMAIL, FATHER_NAME, FIRST_NAME, FULL_NAME, LAST_NAME, NATIONAL_CODE, PHONE_NUMBER) VALUES (4, 'SUPERVISOR_USER', TO_TIMESTAMP('2020-10-18 19:22:41.000000', 'YYYY-MM-DD HH24:MI:SS.FF6'), null, null, 0, null, null, null, 'فرهاد', null, 'یوسفی رامندی', null, null);
INSERT INTO BEHDAVAR.BST_PERSON (ID, CREATED_BY, CREATED_DATE, LAST_MODIFIED_BY, LAST_MODIFIED_DATE, VERSION, DESCRIPTION, EMAIL, FATHER_NAME, FIRST_NAME, FULL_NAME, LAST_NAME, NATIONAL_CODE, PHONE_NUMBER) VALUES (5, 'SUPERVISOR_USER', TO_TIMESTAMP('2020-10-18 19:22:41.000000', 'YYYY-MM-DD HH24:MI:SS.FF6'), null, null, 0, null, null, null, 'سعید', null, 'خلیل زاده', null, '09124219374');
INSERT INTO BEHDAVAR.BST_PERSON (ID, CREATED_BY, CREATED_DATE, LAST_MODIFIED_BY, LAST_MODIFIED_DATE, VERSION, DESCRIPTION, EMAIL, FATHER_NAME, FIRST_NAME, FULL_NAME, LAST_NAME, NATIONAL_CODE, PHONE_NUMBER) VALUES (6, 'SUPERVISOR_USER', TO_TIMESTAMP('2020-10-18 19:22:41.000000', 'YYYY-MM-DD HH24:MI:SS.FF6'), null, null, 0, null, 'amin.dorood@yahoo.com', null, 'امین اله', null, 'درودیان', '0078676509', '09123770838');
INSERT INTO BEHDAVAR.BST_PERSON (ID, CREATED_BY, CREATED_DATE, LAST_MODIFIED_BY, LAST_MODIFIED_DATE, VERSION, DESCRIPTION, EMAIL, FATHER_NAME, FIRST_NAME, FULL_NAME, LAST_NAME, NATIONAL_CODE, PHONE_NUMBER) VALUES (7, 'SUPERVISOR_USER', TO_TIMESTAMP('2020-10-18 19:22:41.000000', 'YYYY-MM-DD HH24:MI:SS.FF6'), null, null, 0, null, 'saeidyoosefi015@gmail.com', null, 'سعید', null, 'یوسفی رامندی', '0083688072', '09125439605');
INSERT INTO BEHDAVAR.BST_PERSON (ID, CREATED_BY, CREATED_DATE, LAST_MODIFIED_BY, LAST_MODIFIED_DATE, VERSION, DESCRIPTION, EMAIL, FATHER_NAME, FIRST_NAME, FULL_NAME, LAST_NAME, NATIONAL_CODE, PHONE_NUMBER) VALUES (8, 'SUPERVISOR_USER', TO_TIMESTAMP('2020-10-18 19:22:41.000000', 'YYYY-MM-DD HH24:MI:SS.FF6'), null, null, 0, null, 'alireza_yousefi_r@yahoo.com', null, 'علیرضا', null, 'یوسفی رامندی', '0019131267', '09120252142');
INSERT INTO BEHDAVAR.BST_PERSON (ID, CREATED_BY, CREATED_DATE, LAST_MODIFIED_BY, LAST_MODIFIED_DATE, VERSION, DESCRIPTION, EMAIL, FATHER_NAME, FIRST_NAME, FULL_NAME, LAST_NAME, NATIONAL_CODE, PHONE_NUMBER) VALUES (9, 'SUPERVISOR_USER', TO_TIMESTAMP('2020-10-18 19:22:41.000000', 'YYYY-MM-DD HH24:MI:SS.FF6'), null, null, 0, null, 'mortazavinegar0@gmail.com', null, 'نگار', null, 'مرتضوی', '0017875390', '09392071735');
INSERT INTO BEHDAVAR.BST_PERSON (ID, CREATED_BY, CREATED_DATE, LAST_MODIFIED_BY, LAST_MODIFIED_DATE, VERSION, DESCRIPTION, EMAIL, FATHER_NAME, FIRST_NAME, FULL_NAME, LAST_NAME, NATIONAL_CODE, PHONE_NUMBER) VALUES (10, 'SUPERVISOR_USER', TO_TIMESTAMP('2020-10-18 19:22:41.000000', 'YYYY-MM-DD HH24:MI:SS.FF6'), null, null, 0, null, 'nedamortazavi91@gmail.com', null, 'ندا', null, 'مرتضوی', '0011832606', '09120421813');
INSERT INTO BEHDAVAR.BST_PERSON (ID, CREATED_BY, CREATED_DATE, LAST_MODIFIED_BY, LAST_MODIFIED_DATE, VERSION, DESCRIPTION, EMAIL, FATHER_NAME, FIRST_NAME, FULL_NAME, LAST_NAME, NATIONAL_CODE, PHONE_NUMBER) VALUES (11, 'SUPERVISOR_USER', TO_TIMESTAMP('2020-10-18 19:22:42.000000', 'YYYY-MM-DD HH24:MI:SS.FF6'), null, null, 0, null, 'shakouribabak@gmail.com', null, 'بابک', null, 'شکوری', '0069397031', '09306917829');
INSERT INTO BEHDAVAR.BST_PERSON (ID, CREATED_BY, CREATED_DATE, LAST_MODIFIED_BY, LAST_MODIFIED_DATE, VERSION, DESCRIPTION, EMAIL, FATHER_NAME, FIRST_NAME, FULL_NAME, LAST_NAME, NATIONAL_CODE, PHONE_NUMBER) VALUES (12, 'SUPERVISOR_USER', TO_TIMESTAMP('2020-10-18 19:22:42.000000', 'YYYY-MM-DD HH24:MI:SS.FF6'), null, null, 0, null, 'baharesabri7162@gmail.com', null, 'بهاره', null, 'صبری', '2940117845', '09393789580');
INSERT INTO BEHDAVAR.BST_PERSON (ID, CREATED_BY, CREATED_DATE, LAST_MODIFIED_BY, LAST_MODIFIED_DATE, VERSION, DESCRIPTION, EMAIL, FATHER_NAME, FIRST_NAME, FULL_NAME, LAST_NAME, NATIONAL_CODE, PHONE_NUMBER) VALUES (13, 'SUPERVISOR_USER', TO_TIMESTAMP('2020-10-18 19:22:42.000000', 'YYYY-MM-DD HH24:MI:SS.FF6'), null, null, 0, null, 'amirhayati1368@gmail.com', null, 'امیرحسین', null, 'حیاتی', '0011327618', '09306796667');
INSERT INTO BEHDAVAR.BST_PERSON (ID, CREATED_BY, CREATED_DATE, LAST_MODIFIED_BY, LAST_MODIFIED_DATE, VERSION, DESCRIPTION, EMAIL, FATHER_NAME, FIRST_NAME, FULL_NAME, LAST_NAME, NATIONAL_CODE, PHONE_NUMBER) VALUES (14, 'SUPERVISOR_USER', TO_TIMESTAMP('2020-10-18 19:22:42.000000', 'YYYY-MM-DD HH24:MI:SS.FF6'), null, null, 0, null, 'soheilmirhoseini3@gmail.com', null, 'سهیل', null, 'میرحسینی', '0081958315', '09106548898');
INSERT INTO BEHDAVAR.BST_PERSON (ID, CREATED_BY, CREATED_DATE, LAST_MODIFIED_BY, LAST_MODIFIED_DATE, VERSION, DESCRIPTION, EMAIL, FATHER_NAME, FIRST_NAME, FULL_NAME, LAST_NAME, NATIONAL_CODE, PHONE_NUMBER) VALUES (15, 'SUPERVISOR_USER', TO_TIMESTAMP('2020-10-18 19:22:42.000000', 'YYYY-MM-DD HH24:MI:SS.FF6'), null, null, 0, null, 'faridzare60@gmail.com', null, 'فرید', null, 'زارع حسینی', '3255352010', '09122451520');
INSERT INTO BEHDAVAR.BST_PERSON (ID, CREATED_BY, CREATED_DATE, LAST_MODIFIED_BY, LAST_MODIFIED_DATE, VERSION, DESCRIPTION, EMAIL, FATHER_NAME, FIRST_NAME, FULL_NAME, LAST_NAME, NATIONAL_CODE, PHONE_NUMBER) VALUES (16, 'SUPERVISOR_USER', TO_TIMESTAMP('2020-10-18 19:22:42.000000', 'YYYY-MM-DD HH24:MI:SS.FF6'), null, null, 0, null, 'shahrzad1372goodarzi@gmail.com', null, 'شهرزاد', null, 'گودرزی پور', '4160282911', '09198794130');
INSERT INTO BEHDAVAR.BST_PERSON (ID, CREATED_BY, CREATED_DATE, LAST_MODIFIED_BY, LAST_MODIFIED_DATE, VERSION, DESCRIPTION, EMAIL, FATHER_NAME, FIRST_NAME, FULL_NAME, LAST_NAME, NATIONAL_CODE, PHONE_NUMBER) VALUES (17, 'SUPERVISOR_USER', TO_TIMESTAMP('2020-10-18 19:22:42.000000', 'YYYY-MM-DD HH24:MI:SS.FF6'), null, null, 0, null, 'nikoogoodarzipoor@gmail.com', null, 'نیکو', null, 'گودرزی پور', '4160382061', '09197136653');
INSERT INTO BEHDAVAR.BST_PERSON (ID, CREATED_BY, CREATED_DATE, LAST_MODIFIED_BY, LAST_MODIFIED_DATE, VERSION, DESCRIPTION, EMAIL, FATHER_NAME, FIRST_NAME, FULL_NAME, LAST_NAME, NATIONAL_CODE, PHONE_NUMBER) VALUES (18, 'SUPERVISOR_USER', TO_TIMESTAMP('2020-10-18 19:22:42.000000', 'YYYY-MM-DD HH24:MI:SS.FF6'), null, null, 0, null, 'atefeh.isa@gmail.com', null, 'عاطفه', null, 'عیسی', '0944733123', '09129302743');
INSERT INTO BEHDAVAR.BST_PERSON (ID, CREATED_BY, CREATED_DATE, LAST_MODIFIED_BY, LAST_MODIFIED_DATE, VERSION, DESCRIPTION, EMAIL, FATHER_NAME, FIRST_NAME, FULL_NAME, LAST_NAME, NATIONAL_CODE, PHONE_NUMBER) VALUES (19, 'SUPERVISOR_USER', TO_TIMESTAMP('2020-10-18 19:22:42.000000', 'YYYY-MM-DD HH24:MI:SS.FF6'), null, null, 0, null, null, null, 'الهه', null, 'یوسفی رامندی', null, null);
INSERT INTO BEHDAVAR.BST_PERSON (ID, CREATED_BY, CREATED_DATE, LAST_MODIFIED_BY, LAST_MODIFIED_DATE, VERSION, DESCRIPTION, EMAIL, FATHER_NAME, FIRST_NAME, FULL_NAME, LAST_NAME, NATIONAL_CODE, PHONE_NUMBER) VALUES (20, 'SUPERVISOR_USER', TO_TIMESTAMP('2020-10-18 19:22:43.000000', 'YYYY-MM-DD HH24:MI:SS.FF6'), null, null, 0, null, null, null, 'علی', null, 'رمضانی', '4501181028', '09373545002');
INSERT INTO BEHDAVAR.BST_PERSON (ID, CREATED_BY, CREATED_DATE, LAST_MODIFIED_BY, LAST_MODIFIED_DATE, VERSION, DESCRIPTION, EMAIL, FATHER_NAME, FIRST_NAME, FULL_NAME, LAST_NAME, NATIONAL_CODE, PHONE_NUMBER) VALUES (21, 'SUPERVISOR_USER', TO_TIMESTAMP('2020-10-18 19:22:43.000000', 'YYYY-MM-DD HH24:MI:SS.FF6'), null, null, 0, null, 'fatemehzahrakala74@gmail.com', null, 'فاطمه', null, 'زهرا کلا', '0018970702', '09122062093');
INSERT INTO BEHDAVAR.BST_PERSON (ID, CREATED_BY, CREATED_DATE, LAST_MODIFIED_BY, LAST_MODIFIED_DATE, VERSION, DESCRIPTION, EMAIL, FATHER_NAME, FIRST_NAME, FULL_NAME, LAST_NAME, NATIONAL_CODE, PHONE_NUMBER) VALUES (22, 'SUPERVISOR_USER', TO_TIMESTAMP('2020-10-18 19:22:43.000000', 'YYYY-MM-DD HH24:MI:SS.FF6'), null, null, 0, null, 'fatemehemrabihi306@gmail.com', null, 'فاطمه', null, 'سید ابراهیمی', '0081756925', '09901213728');
INSERT INTO BEHDAVAR.BST_PERSON (ID, CREATED_BY, CREATED_DATE, LAST_MODIFIED_BY, LAST_MODIFIED_DATE, VERSION, DESCRIPTION, EMAIL, FATHER_NAME, FIRST_NAME, FULL_NAME, LAST_NAME, NATIONAL_CODE, PHONE_NUMBER) VALUES (23, 'SUPERVISOR_USER', TO_TIMESTAMP('2020-10-18 19:22:43.000000', 'YYYY-MM-DD HH24:MI:SS.FF6'), null, null, 0, null, 'nazarifatemeh5757@gmail.com', null, 'فاطمه', null, 'نظری', '0016561715', '09126263990');
INSERT INTO BEHDAVAR.BST_PERSON (ID, CREATED_BY, CREATED_DATE, LAST_MODIFIED_BY, LAST_MODIFIED_DATE, VERSION, DESCRIPTION, EMAIL, FATHER_NAME, FIRST_NAME, FULL_NAME, LAST_NAME, NATIONAL_CODE, PHONE_NUMBER) VALUES (24, 'SUPERVISOR_USER', TO_TIMESTAMP('2020-10-18 19:22:43.000000', 'YYYY-MM-DD HH24:MI:SS.FF6'), null, null, 0, null, null, null, 'فرزانه', null, 'کاظمی', null, null);
INSERT INTO BEHDAVAR.BST_PERSON (ID, CREATED_BY, CREATED_DATE, LAST_MODIFIED_BY, LAST_MODIFIED_DATE, VERSION, DESCRIPTION, EMAIL, FATHER_NAME, FIRST_NAME, FULL_NAME, LAST_NAME, NATIONAL_CODE, PHONE_NUMBER) VALUES (25, 'SUPERVISOR_USER', TO_TIMESTAMP('2020-10-18 19:22:43.000000', 'YYYY-MM-DD HH24:MI:SS.FF6'), null, null, 0, null, 'mohammadsadeghizadeh89@gmail.com', null, 'محمد', null, 'صادقی زاده', '4160023150', '09215173919');
INSERT INTO BEHDAVAR.BST_PERSON (ID, CREATED_BY, CREATED_DATE, LAST_MODIFIED_BY, LAST_MODIFIED_DATE, VERSION, DESCRIPTION, EMAIL, FATHER_NAME, FIRST_NAME, FULL_NAME, LAST_NAME, NATIONAL_CODE, PHONE_NUMBER) VALUES (26, 'SUPERVISOR_USER', TO_TIMESTAMP('2020-10-18 19:22:43.000000', 'YYYY-MM-DD HH24:MI:SS.FF6'), null, null, 0, null, null, null, 'مرضیه', null, 'غفاری', null, '09224921906');
INSERT INTO BEHDAVAR.BST_PERSON (ID, CREATED_BY, CREATED_DATE, LAST_MODIFIED_BY, LAST_MODIFIED_DATE, VERSION, DESCRIPTION, EMAIL, FATHER_NAME, FIRST_NAME, FULL_NAME, LAST_NAME, NATIONAL_CODE, PHONE_NUMBER) VALUES (27, 'SUPERVISOR_USER', TO_TIMESTAMP('2020-10-18 19:22:43.000000', 'YYYY-MM-DD HH24:MI:SS.FF6'), null, null, 0, null, null, null, 'مزگان', null, 'شریفی', null, null);
INSERT INTO BEHDAVAR.BST_PERSON (ID, CREATED_BY, CREATED_DATE, LAST_MODIFIED_BY, LAST_MODIFIED_DATE, VERSION, DESCRIPTION, EMAIL, FATHER_NAME, FIRST_NAME, FULL_NAME, LAST_NAME, NATIONAL_CODE, PHONE_NUMBER) VALUES (28, 'SUPERVISOR_USER', TO_TIMESTAMP('2020-10-18 19:22:43.000000', 'YYYY-MM-DD HH24:MI:SS.FF6'), null, null, 0, null, 'masoudrad@gmail.com', null, 'مسعود', null, 'اکبری راد', '0062336304', '09122019446');
INSERT INTO BEHDAVAR.BST_PERSON (ID, CREATED_BY, CREATED_DATE, LAST_MODIFIED_BY, LAST_MODIFIED_DATE, VERSION, DESCRIPTION, EMAIL, FATHER_NAME, FIRST_NAME, FULL_NAME, LAST_NAME, NATIONAL_CODE, PHONE_NUMBER) VALUES (29, 'SUPERVISOR_USER', TO_TIMESTAMP('2020-10-18 19:22:44.000000', 'YYYY-MM-DD HH24:MI:SS.FF6'), null, null, 0, null, 'sabzihani@yahoo.com', null, 'هانیه', null, 'سبزی', '0480636273', '09190079979');
INSERT INTO BEHDAVAR.BST_PERSON (ID, CREATED_BY, CREATED_DATE, LAST_MODIFIED_BY, LAST_MODIFIED_DATE, VERSION, DESCRIPTION, EMAIL, FATHER_NAME, FIRST_NAME, FULL_NAME, LAST_NAME, NATIONAL_CODE, PHONE_NUMBER) VALUES (30, 'SUPERVISOR_USER', TO_TIMESTAMP('2020-10-18 19:22:44.000000', 'YYYY-MM-DD HH24:MI:SS.FF6'), null, null, 0, null, 'mohammad.roohi@gmail.com', null, 'محمد', null, 'روحی', '0080282245', '09124855624');



--INSERT INTO BEHDAVAR.BST_USER (ID, CREATED_BY, CREATED_DATE, LAST_MODIFIED_BY, LAST_MODIFIED_DATE, VERSION, CODE, DELETED, ENABLED, IS_ACCOUNT_NONEXPIRED, IS_ACCOUNT_NON_LOCKED, IS_CREDENTIALS_NON_EXPIRED, PASSWORD, TOKEN_EXIPIRED, USERNAME, PERSON_ID) VALUES (1, 'NO_AUTHENTICATED_USER', TO_TIMESTAMP('2020-11-09 00:03:00.955000', 'YYYY-MM-DD HH24:MI:SS.FF6'), 'NO_AUTHENTICATED_USER', TO_TIMESTAMP('2020-11-09 00:03:21.374000', 'YYYY-MM-DD HH24:MI:SS.FF6'), 1, 0, 0, 1, 1, 1, 1, '$2a$10$ujWa9T3zde3kWEciVXXjfeDEd3dtHfUesxKXmBFNcb6CYVfg23mii', 0, 'SUPERVISOR_USER', 1);
INSERT INTO BEHDAVAR.BST_USER (ID, CREATED_BY, CREATED_DATE, LAST_MODIFIED_BY, LAST_MODIFIED_DATE, VERSION, CODE, DELETED, ENABLED, IS_ACCOUNT_NONEXPIRED, IS_ACCOUNT_NON_LOCKED, IS_CREDENTIALS_NON_EXPIRED, PASSWORD, TOKEN_EXIPIRED, USERNAME, PERSON_ID) VALUES (21, 'SUPERVISOR_USER', TO_TIMESTAMP('2020-10-18 23:01:13.692000', 'YYYY-MM-DD HH24:MI:SS.FF6'), null, null, 0, 3118, 0, 1, 1, 1, 1, '$2y$12$n6wfKjTnxfTFCv/Rfc6mneJ.ljq.F1EXJSnZiMZOUygScnIUEjGi2', 0, 'a.dorudian', 6);
INSERT INTO BEHDAVAR.BST_USER (ID, CREATED_BY, CREATED_DATE, LAST_MODIFIED_BY, LAST_MODIFIED_DATE, VERSION, CODE, DELETED, ENABLED, IS_ACCOUNT_NONEXPIRED, IS_ACCOUNT_NON_LOCKED, IS_CREDENTIALS_NON_EXPIRED, PASSWORD, TOKEN_EXIPIRED, USERNAME, PERSON_ID) VALUES (22, 'SUPERVISOR_USER', TO_TIMESTAMP('2020-10-18 23:01:54.726000', 'YYYY-MM-DD HH24:MI:SS.FF6'), null, null, 0, 3124, 0, 1, 1, 1, 1, '$2y$12$n6wfKjTnxfTFCv/Rfc6mneJ.ljq.F1EXJSnZiMZOUygScnIUEjGi2', 0, 's.yousefi', 7);
INSERT INTO BEHDAVAR.BST_USER (ID, CREATED_BY, CREATED_DATE, LAST_MODIFIED_BY, LAST_MODIFIED_DATE, VERSION, CODE, DELETED, ENABLED, IS_ACCOUNT_NONEXPIRED, IS_ACCOUNT_NON_LOCKED, IS_CREDENTIALS_NON_EXPIRED, PASSWORD, TOKEN_EXIPIRED, USERNAME, PERSON_ID) VALUES (23, 'SUPERVISOR_USER', TO_TIMESTAMP('2020-10-18 23:02:30.797000', 'YYYY-MM-DD HH24:MI:SS.FF6'), null, null, 0, 36, 0, 1, 1, 1, 1, '$2y$12$n6wfKjTnxfTFCv/Rfc6mneJ.ljq.F1EXJSnZiMZOUygScnIUEjGi2', 0, 'b.shakouri', 11);
INSERT INTO BEHDAVAR.BST_USER (ID, CREATED_BY, CREATED_DATE, LAST_MODIFIED_BY, LAST_MODIFIED_DATE, VERSION, CODE, DELETED, ENABLED, IS_ACCOUNT_NONEXPIRED, IS_ACCOUNT_NON_LOCKED, IS_CREDENTIALS_NON_EXPIRED, PASSWORD, TOKEN_EXIPIRED, USERNAME, PERSON_ID) VALUES (24, 'SUPERVISOR_USER', TO_TIMESTAMP('2020-10-18 23:03:07.913000', 'YYYY-MM-DD HH24:MI:SS.FF6'), null, null, 0, 3126, 0, 1, 1, 1, 1, '$2y$12$n6wfKjTnxfTFCv/Rfc6mneJ.ljq.F1EXJSnZiMZOUygScnIUEjGi2', 0, 'b.sabri', 12);
INSERT INTO BEHDAVAR.BST_USER (ID, CREATED_BY, CREATED_DATE, LAST_MODIFIED_BY, LAST_MODIFIED_DATE, VERSION, CODE, DELETED, ENABLED, IS_ACCOUNT_NONEXPIRED, IS_ACCOUNT_NON_LOCKED, IS_CREDENTIALS_NON_EXPIRED, PASSWORD, TOKEN_EXIPIRED, USERNAME, PERSON_ID) VALUES (25, 'SUPERVISOR_USER', TO_TIMESTAMP('2020-10-18 23:03:54.812000', 'YYYY-MM-DD HH24:MI:SS.FF6'), null, null, 0, 12, 0, 1, 1, 1, 1, '$2y$12$n6wfKjTnxfTFCv/Rfc6mneJ.ljq.F1EXJSnZiMZOUygScnIUEjGi2', 0, 'a.hayati', 13);
INSERT INTO BEHDAVAR.BST_USER (ID, CREATED_BY, CREATED_DATE, LAST_MODIFIED_BY, LAST_MODIFIED_DATE, VERSION, CODE, DELETED, ENABLED, IS_ACCOUNT_NONEXPIRED, IS_ACCOUNT_NON_LOCKED, IS_CREDENTIALS_NON_EXPIRED, PASSWORD, TOKEN_EXIPIRED, USERNAME, PERSON_ID) VALUES (26, 'SUPERVISOR_USER', TO_TIMESTAMP('2020-10-18 23:04:52.080000', 'YYYY-MM-DD HH24:MI:SS.FF6'), null, null, 0, 39, 0, 1, 1, 1, 1, '$2y$12$n6wfKjTnxfTFCv/Rfc6mneJ.ljq.F1EXJSnZiMZOUygScnIUEjGi2', 0, 's.mirhosseini', 14);
INSERT INTO BEHDAVAR.BST_USER (ID, CREATED_BY, CREATED_DATE, LAST_MODIFIED_BY, LAST_MODIFIED_DATE, VERSION, CODE, DELETED, ENABLED, IS_ACCOUNT_NONEXPIRED, IS_ACCOUNT_NON_LOCKED, IS_CREDENTIALS_NON_EXPIRED, PASSWORD, TOKEN_EXIPIRED, USERNAME, PERSON_ID) VALUES (27, 'SUPERVISOR_USER', TO_TIMESTAMP('2020-10-18 23:05:31.632000', 'YYYY-MM-DD HH24:MI:SS.FF6'), null, null, 0, 2052, 0, 1, 1, 1, 1, '$2y$12$n6wfKjTnxfTFCv/Rfc6mneJ.ljq.F1EXJSnZiMZOUygScnIUEjGi2', 0, 'f.zare', 15);
INSERT INTO BEHDAVAR.BST_USER (ID, CREATED_BY, CREATED_DATE, LAST_MODIFIED_BY, LAST_MODIFIED_DATE, VERSION, CODE, DELETED, ENABLED, IS_ACCOUNT_NONEXPIRED, IS_ACCOUNT_NON_LOCKED, IS_CREDENTIALS_NON_EXPIRED, PASSWORD, TOKEN_EXIPIRED, USERNAME, PERSON_ID) VALUES (28, 'SUPERVISOR_USER', TO_TIMESTAMP('2020-10-18 23:07:05.369000', 'YYYY-MM-DD HH24:MI:SS.FF6'), null, null, 0, 3078, 0, 1, 1, 1, 1, '$2y$12$n6wfKjTnxfTFCv/Rfc6mneJ.ljq.F1EXJSnZiMZOUygScnIUEjGi2', 0, 'sh.goudarzipour', 16);
INSERT INTO BEHDAVAR.BST_USER (ID, CREATED_BY, CREATED_DATE, LAST_MODIFIED_BY, LAST_MODIFIED_DATE, VERSION, CODE, DELETED, ENABLED, IS_ACCOUNT_NONEXPIRED, IS_ACCOUNT_NON_LOCKED, IS_CREDENTIALS_NON_EXPIRED, PASSWORD, TOKEN_EXIPIRED, USERNAME, PERSON_ID) VALUES (29, 'SUPERVISOR_USER', TO_TIMESTAMP('2020-10-18 23:07:44.300000', 'YYYY-MM-DD HH24:MI:SS.FF6'), null, null, 0, 47, 0, 1, 1, 1, 1, '$2y$12$n6wfKjTnxfTFCv/Rfc6mneJ.ljq.F1EXJSnZiMZOUygScnIUEjGi2', 0, 'n.goudarzipour', 17);
INSERT INTO BEHDAVAR.BST_USER (ID, CREATED_BY, CREATED_DATE, LAST_MODIFIED_BY, LAST_MODIFIED_DATE, VERSION, CODE, DELETED, ENABLED, IS_ACCOUNT_NONEXPIRED, IS_ACCOUNT_NON_LOCKED, IS_CREDENTIALS_NON_EXPIRED, PASSWORD, TOKEN_EXIPIRED, USERNAME, PERSON_ID) VALUES (30, 'SUPERVISOR_USER', TO_TIMESTAMP('2020-10-18 23:08:15.029000', 'YYYY-MM-DD HH24:MI:SS.FF6'), null, null, 0, 8, 0, 1, 1, 1, 1, '$2y$12$n6wfKjTnxfTFCv/Rfc6mneJ.ljq.F1EXJSnZiMZOUygScnIUEjGi2', 0, 'a.isa', 18);
INSERT INTO BEHDAVAR.BST_USER (ID, CREATED_BY, CREATED_DATE, LAST_MODIFIED_BY, LAST_MODIFIED_DATE, VERSION, CODE, DELETED, ENABLED, IS_ACCOUNT_NONEXPIRED, IS_ACCOUNT_NON_LOCKED, IS_CREDENTIALS_NON_EXPIRED, PASSWORD, TOKEN_EXIPIRED, USERNAME, PERSON_ID) VALUES (31, 'SUPERVISOR_USER', TO_TIMESTAMP('2020-10-18 23:08:57.510000', 'YYYY-MM-DD HH24:MI:SS.FF6'), null, null, 0, 21, 0, 1, 1, 1, 1, '$2y$12$n6wfKjTnxfTFCv/Rfc6mneJ.ljq.F1EXJSnZiMZOUygScnIUEjGi2', 0, 'f.ebrahimi', 22);
INSERT INTO BEHDAVAR.BST_USER (ID, CREATED_BY, CREATED_DATE, LAST_MODIFIED_BY, LAST_MODIFIED_DATE, VERSION, CODE, DELETED, ENABLED, IS_ACCOUNT_NONEXPIRED, IS_ACCOUNT_NON_LOCKED, IS_CREDENTIALS_NON_EXPIRED, PASSWORD, TOKEN_EXIPIRED, USERNAME, PERSON_ID) VALUES (32, 'SUPERVISOR_USER', TO_TIMESTAMP('2020-10-18 23:09:55.914000', 'YYYY-MM-DD HH24:MI:SS.FF6'), null, null, 0, 3127, 0, 1, 1, 1, 1, '$2y$12$n6wfKjTnxfTFCv/Rfc6mneJ.ljq.F1EXJSnZiMZOUygScnIUEjGi2', 0, 'f.nazari', 23);
INSERT INTO BEHDAVAR.BST_USER (ID, CREATED_BY, CREATED_DATE, LAST_MODIFIED_BY, LAST_MODIFIED_DATE, VERSION, CODE, DELETED, ENABLED, IS_ACCOUNT_NONEXPIRED, IS_ACCOUNT_NON_LOCKED, IS_CREDENTIALS_NON_EXPIRED, PASSWORD, TOKEN_EXIPIRED, USERNAME, PERSON_ID) VALUES (33, 'SUPERVISOR_USER', TO_TIMESTAMP('2020-10-18 23:10:30.952000', 'YYYY-MM-DD HH24:MI:SS.FF6'), null, null, 0, 2056, 0, 1, 1, 1, 1, '$2y$12$n6wfKjTnxfTFCv/Rfc6mneJ.ljq.F1EXJSnZiMZOUygScnIUEjGi2', 0, 'f.kazemi', 24);
INSERT INTO BEHDAVAR.BST_USER (ID, CREATED_BY, CREATED_DATE, LAST_MODIFIED_BY, LAST_MODIFIED_DATE, VERSION, CODE, DELETED, ENABLED, IS_ACCOUNT_NONEXPIRED, IS_ACCOUNT_NON_LOCKED, IS_CREDENTIALS_NON_EXPIRED, PASSWORD, TOKEN_EXIPIRED, USERNAME, PERSON_ID) VALUES (34, 'SUPERVISOR_USER', TO_TIMESTAMP('2020-10-18 23:11:03.092000', 'YYYY-MM-DD HH24:MI:SS.FF6'), null, null, 0, 2054, 0, 1, 1, 1, 1, '$2y$12$n6wfKjTnxfTFCv/Rfc6mneJ.ljq.F1EXJSnZiMZOUygScnIUEjGi2', 0, 'm.ghafari', 26);
INSERT INTO BEHDAVAR.BST_USER (ID, CREATED_BY, CREATED_DATE, LAST_MODIFIED_BY, LAST_MODIFIED_DATE, VERSION, CODE, DELETED, ENABLED, IS_ACCOUNT_NONEXPIRED, IS_ACCOUNT_NON_LOCKED, IS_CREDENTIALS_NON_EXPIRED, PASSWORD, TOKEN_EXIPIRED, USERNAME, PERSON_ID) VALUES (35, 'SUPERVISOR_USER', TO_TIMESTAMP('2020-10-23 16:30:42.515000', 'YYYY-MM-DD HH24:MI:SS.FF6'), null, null, 0, 3123, 0, 1, 1, 1, 1, '$2a$10$07H/VdnNQ/zksT1XXiqDCuXyAvSGLPPdRRkcCWFt4fP3PRaVN.uvG', 0, 'm.roohi', 30);



--INSERT INTO BEHDAVAR.BST_ROLE (ID, CREATED_BY, CREATED_DATE, LAST_MODIFIED_BY, LAST_MODIFIED_DATE, VERSION, NAME, TITLE) VALUES (1, 'NO_AUTHENTICATED_USER', TO_TIMESTAMP('2020-11-09 00:03:00.589000', 'YYYY-MM-DD HH24:MI:SS.FF6'), 'NO_AUTHENTICATED_USER', TO_TIMESTAMP('2020-11-09 00:03:20.998000', 'YYYY-MM-DD HH24:MI:SS.FF6'), 1, 'SUPERVISOR_ROLE', 'SUPERVISOR_ROLE');
INSERT INTO BEHDAVAR.BST_ROLE (ID, CREATED_BY, CREATED_DATE, LAST_MODIFIED_BY, LAST_MODIFIED_DATE, VERSION, NAME, TITLE) VALUES (21, 'SUPERVISOR_USER', TO_TIMESTAMP('2020-11-09 00:36:11.089000', 'YYYY-MM-DD HH24:MI:SS.FF6'), null, null, 0, 'ROLE_EXPERT', 'کارشناس');
INSERT INTO BEHDAVAR.BST_ROLE (ID, CREATED_BY, CREATED_DATE, LAST_MODIFIED_BY, LAST_MODIFIED_DATE, VERSION, NAME, TITLE) VALUES (22, 'SUPERVISOR_USER', TO_TIMESTAMP('2020-11-09 00:36:45.555000', 'YYYY-MM-DD HH24:MI:SS.FF6'), null, null, 0, 'ROLE_TARH', 'مدیر طرح و برنامه');


--INSERT INTO BEHDAVAR.BST_USERS_ROLES (USER_ID, ROLE_ID) VALUES (1, 1);
INSERT INTO BEHDAVAR.BST_USERS_ROLES (USER_ID, ROLE_ID) VALUES (21, 21);
INSERT INTO BEHDAVAR.BST_USERS_ROLES (USER_ID, ROLE_ID) VALUES (22, 21);
INSERT INTO BEHDAVAR.BST_USERS_ROLES (USER_ID, ROLE_ID) VALUES (23, 21);
INSERT INTO BEHDAVAR.BST_USERS_ROLES (USER_ID, ROLE_ID) VALUES (24, 21);
INSERT INTO BEHDAVAR.BST_USERS_ROLES (USER_ID, ROLE_ID) VALUES (25, 21);
INSERT INTO BEHDAVAR.BST_USERS_ROLES (USER_ID, ROLE_ID) VALUES (26, 21);
INSERT INTO BEHDAVAR.BST_USERS_ROLES (USER_ID, ROLE_ID) VALUES (27, 21);
INSERT INTO BEHDAVAR.BST_USERS_ROLES (USER_ID, ROLE_ID) VALUES (28, 21);
INSERT INTO BEHDAVAR.BST_USERS_ROLES (USER_ID, ROLE_ID) VALUES (29, 21);
INSERT INTO BEHDAVAR.BST_USERS_ROLES (USER_ID, ROLE_ID) VALUES (30, 22);
INSERT INTO BEHDAVAR.BST_USERS_ROLES (USER_ID, ROLE_ID) VALUES (31, 21);
INSERT INTO BEHDAVAR.BST_USERS_ROLES (USER_ID, ROLE_ID) VALUES (32, 21);
INSERT INTO BEHDAVAR.BST_USERS_ROLES (USER_ID, ROLE_ID) VALUES (33, 21);
INSERT INTO BEHDAVAR.BST_USERS_ROLES (USER_ID, ROLE_ID) VALUES (34, 21);
INSERT INTO BEHDAVAR.BST_USERS_ROLES (USER_ID, ROLE_ID) VALUES (35, 21);